"Tree","Root","RelativePath","Type","Bytes","SHA256","Owner","CreatedUTC","ModifiedUTC"
"C-GameData","C:\GameData\MechJeb2",".","Directory",,,"DAVE-GT-PC\Dave","2026-09-02T13:23:08.7506121Z","2026-09-02T13:23:08.9901109Z"
"C-GameData","C:\GameData\MechJeb2","Bundles","Directory",,,"DAVE-GT-PC\Dave","2026-09-02T13:23:08.9006120Z","2026-09-20T03:58:55.9899534Z"
"C-GameData","C:\GameData\MechJeb2","Icons","Directory",,,"DAVE-GT-PC\Dave","2026-09-02T13:23:08.9146124Z","2026-09-20T03:58:56.0134540Z"
"C-GameData","C:\GameData\MechJeb2","Localization","Directory",,,"DAVE-GT-PC\Dave","2026-09-02T13:23:08.9576118Z","2026-09-27T01:18:52.8594951Z"
"C-GameData","C:\GameData\MechJeb2","Parts","Directory",,,"DAVE-GT-PC\Dave","2026-09-02T13:23:08.9741111Z","2026-09-20T03:58:56.1949522Z"
"C-GameData","C:\GameData\MechJeb2","Plugins","Directory",,,"DAVE-GT-PC\Dave","2026-09-02T13:23:08.7506121Z","2026-09-20T07:32:27.5689475Z"
"C-GameData","C:\GameData\MechJeb2","LandingSites.cfg","File","2555","4B995102225AD5F4322FB282D3BDA312F87DD914A2C7154CA1C1E615544AA522","DAVE-GT-PC\Dave","2026-09-02T13:23:08.9901109Z","2026-09-20T03:58:56.0174535Z"
"C-GameData","C:\GameData\MechJeb2","Bundles\shaders.bundle","File","688209","C2C47F568072BDD558E5C2195BBF22C42F89DE48040D940BF2DE4AD703ED5141","DAVE-GT-PC\Dave","2026-09-02T13:23:08.9021115Z","2026-09-20T03:58:55.9939527Z"
"C-GameData","C:\GameData\MechJeb2","Icons\Aircraft_Approach_&_Autoland.png","File","436","AAC1FC88EA53AE67222B81A8807B2E51DB61AAE093651AEAC30BB985E7E40737","DAVE-GT-PC\Dave","2026-09-02T13:23:08.9161125Z","2026-09-20T03:58:55.9959512Z"
"C-GameData","C:\GameData\MechJeb2","Icons\Aircraft_Autopilot.png","File","424","DC3DD3D1210A8520FE6630575FF3A78FC1E2382330D1AFF280FAE6D37E3E7520","DAVE-GT-PC\Dave","2026-09-02T13:23:08.9166120Z","2026-09-20T03:58:55.9964519Z"
"C-GameData","C:\GameData\MechJeb2","Icons\Ascent_Guidance.png","File","543","63216D3F910E86EA6F4A7AD900451256DA7116237312C8B47EE34B77D5EB8D8B","DAVE-GT-PC\Dave","2026-09-02T13:23:08.9176121Z","2026-09-20T03:58:55.9969511Z"
"C-GameData","C:\GameData\MechJeb2","Icons\Ascent_Stats.png","File","524","AE81063325411CC4DF6BB8C23F1161FCB5C3646B00739C8BBAFDBB852EC58F34","DAVE-GT-PC\Dave","2026-09-02T13:23:08.9186115Z","2026-09-20T03:58:55.9974505Z"
"C-GameData","C:\GameData\MechJeb2","Icons\Attitude_Adjustment.png","File","428","81DB2CB30566204E7401424AB9244BBFE26060D7556826F43081557BEBEEBB02","DAVE-GT-PC\Dave","2026-09-02T13:23:08.9191128Z","2026-09-20T03:58:55.9974505Z"
"C-GameData","C:\GameData\MechJeb2","Icons\Auto_Warp_active.png","File","3825","821AE0E452EED1BA0BC6050FEFC85465F66E1D7B52EC156A20F71844271B7205","DAVE-GT-PC\Dave","2026-09-02T13:23:08.9221120Z","2026-09-20T03:58:55.9979519Z"
"C-GameData","C:\GameData\MechJeb2","Icons\Auto_Warp.png","File","3652","74CB4FE814656AAA81B398D9AD3DA4746FF9F058DC4C277A1A04CE547ABE9F81","DAVE-GT-PC\Dave","2026-09-02T13:23:08.9216129Z","2026-09-20T03:58:55.9979519Z"
"C-GameData","C:\GameData\MechJeb2","Icons\Autostage_Once_active.png","File","4119","2C2E94A9A652E22D262D25DE6549CA3100224FD83BFE50C32C17197C55A7DC0C","DAVE-GT-PC\Dave","2026-09-02T13:23:08.9206131Z","2026-09-20T03:58:55.9984512Z"
"C-GameData","C:\GameData\MechJeb2","Icons\Autostage_Once.png","File","4074","16B7A309546125F6D6F56945D76B70AC2390A529C1CBB16020BC1FA6FCCEB0EA","DAVE-GT-PC\Dave","2026-09-02T13:23:08.9201124Z","2026-09-20T03:58:55.9984512Z"
"C-GameData","C:\GameData\MechJeb2","Icons\Custom_Window_Editor.png","File","563","E794C457BCBAE1799626986858C65503146FA0AD0607C5BCFE10A4665D6B1A33","DAVE-GT-PC\Dave","2026-09-02T13:23:08.9231109Z","2026-09-20T03:58:55.9989519Z"
"C-GameData","C:\GameData\MechJeb2","Icons\delete.png","File","445","4B40D8F7DD61854D3C59F3E4A3C236E9EEE48980D7DF4F4092894A61FA83E7AA","DAVE-GT-PC\Dave","2026-09-02T13:23:08.9236113Z","2026-09-20T03:58:56.0114513Z"
"C-GameData","C:\GameData\MechJeb2","Icons\Delta-V_Stats.png","File","493","A0E2B97CC4E131CB87073E801CFBEEDB81786AA14B47186C75AD944D0215105A","DAVE-GT-PC\Dave","2026-09-02T13:23:08.9246113Z","2026-09-20T03:58:55.9994527Z"
"C-GameData","C:\GameData\MechJeb2","Icons\Docking_Autopilot.png","File","437","FACC5858D5FBF4163C11CAD2E5B2430707BCBF89D6FA7B2972D6492504C4D233","DAVE-GT-PC\Dave","2026-09-02T13:23:08.9251110Z","2026-09-20T03:58:55.9994527Z"
"C-GameData","C:\GameData\MechJeb2","Icons\Exec_Node_active.png","File","3269","525C18E1D593699268AC66A61859247D7761E5BFF252CC108BBDCDE627061377","DAVE-GT-PC\Dave","2026-09-02T13:23:08.9261126Z","2026-09-20T03:58:55.9999522Z"
"C-GameData","C:\GameData\MechJeb2","Icons\Exec_Node.png","File","3190","95978AA12E5AD9404609C3EFDC5A5A317A364F4D30D8407DDA1BD44B38654AA1","DAVE-GT-PC\Dave","2026-09-02T13:23:08.9256115Z","2026-09-20T03:58:55.9999522Z"
"C-GameData","C:\GameData\MechJeb2","Icons\Flight_Recorder.png","File","318","254FE00DC4225C06B2FC475D20734F79A7EF4FF661B17D79054987C06B314B12","DAVE-GT-PC\Dave","2026-09-02T13:23:08.9271107Z","2026-09-20T03:58:56.0004547Z"
"C-GameData","C:\GameData\MechJeb2","Icons\Landing_Guidance.png","File","800","C7081D98E915C620CEDF911FB1807CD06696480F75C558B28B34148D76499923","DAVE-GT-PC\Dave","2026-09-02T13:23:08.9276114Z","2026-09-20T03:58:56.0004547Z"
"C-GameData","C:\GameData\MechJeb2","Icons\Landing_Info.png","File","379","CC57C70B02AC6DC22E3C10D3EEAFD5378BF8EB16C1EFDC6DA90C3ADFC62E8660","DAVE-GT-PC\Dave","2026-09-02T13:23:08.9286109Z","2026-09-20T03:58:56.0009535Z"
"C-GameData","C:\GameData\MechJeb2","Icons\Maneuver_Node_Editor.png","File","572","5B3E43096A6FCECB20CAE76E69DF49B7AC9988927357D19CD6D8F647F3F8FEFC","DAVE-GT-PC\Dave","2026-09-02T13:23:08.9291110Z","2026-09-20T03:58:56.0019519Z"
"C-GameData","C:\GameData\MechJeb2","Icons\Maneuver_Planner.png","File","611","C51EA2EA6A1D63AA28BB5CB656FA03151E7BC67CA6C2100114A6FC41894F1FD6","DAVE-GT-PC\Dave","2026-09-02T13:23:08.9296116Z","2026-09-20T03:58:56.0024531Z"
"C-GameData","C:\GameData\MechJeb2","Icons\MJ2.png","File","239","2A9961FFC360056ABDEC4BA634B6651D965A800385108DB353CCB2CA1A5CC8BA","DAVE-GT-PC\Dave","2026-09-02T13:23:08.9306122Z","2026-09-20T03:58:56.0014519Z"
"C-GameData","C:\GameData\MechJeb2","Icons\Orbit_Info.png","File","460","D6C76DE98A6313A4A6EF2F8551C5AE59C22FF0150829FAB7C6C5723912B14826","DAVE-GT-PC\Dave","2026-09-02T13:23:08.9311110Z","2026-09-20T03:58:56.0029511Z"
"C-GameData","C:\GameData\MechJeb2","Icons\QMark.png","File","468","86571BC4BBD97B5F80EDBDF14F47AEACD4D206BB318424CD67A8907BF8960027","DAVE-GT-PC\Dave","2026-09-02T13:23:08.9316114Z","2026-09-20T03:58:56.0029511Z"
"C-GameData","C:\GameData\MechJeb2","Icons\RCS_Balancer.png","File","523","4F5DDE0AF1D221628FC00B3B68563D04150B46EE0904AA707EC41DE39409D6A9","DAVE-GT-PC\Dave","2026-09-02T13:23:08.9326112Z","2026-09-20T03:58:56.0034506Z"
"C-GameData","C:\GameData\MechJeb2","Icons\refresh.png","File","392","8DCF8A97A9129323D27666F7AE3C26322DF91A0F8E996F030D8077441BA87440","DAVE-GT-PC\Dave","2026-09-02T13:23:08.9331110Z","2026-09-20T03:58:56.0119517Z"
"C-GameData","C:\GameData\MechJeb2","Icons\Rendezvous_Autopilot.png","File","694","6FBE3391FF438BCB2D2E5AACC13D9F33E86E9A7ED3B5A1CD18AD74B9FBCB55AB","DAVE-GT-PC\Dave","2026-09-02T13:23:08.9336108Z","2026-09-20T03:58:56.0039514Z"
"C-GameData","C:\GameData\MechJeb2","Icons\Rendezvous_Info.png","File","422","707745A314A903EC0657C6E2F52855687AEDF8889AD042380283BA23EF982B49","DAVE-GT-PC\Dave","2026-09-02T13:23:08.9346127Z","2026-09-20T03:58:56.0044518Z"
"C-GameData","C:\GameData\MechJeb2","Icons\Rendezvous_Planner.png","File","653","E4D75CA49719B64DF283094ADFCE94DED6D00B587543F5869BB48EECCBEA020F","DAVE-GT-PC\Dave","2026-09-02T13:23:08.9351111Z","2026-09-20T03:58:56.0049512Z"
"C-GameData","C:\GameData\MechJeb2","Icons\Rover_Autopilot.png","File","445","7A73ECC5E5675EDBCE2E7E5B6498DC5F12C59EE747C2D6DC1EA48C3CA9B7EE25","DAVE-GT-PC\Dave","2026-09-02T13:23:08.9361132Z","2026-09-20T03:58:56.0054506Z"
"C-GameData","C:\GameData\MechJeb2","Icons\Scripting_Module.png","File","333","9D77EF3A9639DF1C316A0FD864980AC8993DA462F13921059E071A827ECD81A3","DAVE-GT-PC\Dave","2026-09-02T13:23:08.9366125Z","2026-09-20T03:58:56.0059508Z"
"C-GameData","C:\GameData\MechJeb2","Icons\Settings.png","File","449","A75E4F2C25F8DB1E69D0E0B2B6E7EC4EFA871416B17F5ECE48750B1BB8293B37","DAVE-GT-PC\Dave","2026-09-02T13:23:08.9371116Z","2026-09-20T03:58:56.0059508Z"
"C-GameData","C:\GameData\MechJeb2","Icons\Smart_A_S_S_.png","File","790","231A8502B44F65A4A053E3DAFD262114720235B57D2AADAF0F1780C36DA42820","DAVE-GT-PC\Dave","2026-09-02T13:23:08.9391109Z","2026-09-20T03:58:56.0074520Z"
"C-GameData","C:\GameData\MechJeb2","Icons\SmartRCS_active.png","File","535","E0211BFDA9B02E61302B38E6FDF9F3A70FABFD9781A0BE426BDA6185D4031013","DAVE-GT-PC\Dave","2026-09-02T13:23:08.9386119Z","2026-09-20T03:58:56.0069532Z"
"C-GameData","C:\GameData\MechJeb2","Icons\SmartRCS.png","File","519","F4B8C2A6044C928A0D6BE5FF8D371D5A2D1A59FF9143B4FD1AD42562BB815CE8","DAVE-GT-PC\Dave","2026-09-02T13:23:08.9376117Z","2026-09-20T03:58:56.0064514Z"
"C-GameData","C:\GameData\MechJeb2","Icons\Spaceplane_Guidance.png","File","607","F832FFD6C44C41FF32532A7147AC865015EACB1D845B0F4606BA9EAA29306589","DAVE-GT-PC\Dave","2026-09-02T13:23:08.9396110Z","2026-09-20T03:58:56.0079516Z"
"C-GameData","C:\GameData\MechJeb2","Icons\Surface_Info.png","File","661","7314E2B06F946672EE2C0F839668E57DE7A483A015CE525316312041BB0DCE3D","DAVE-GT-PC\Dave","2026-09-02T13:23:08.9406121Z","2026-09-20T03:58:56.0084517Z"
"C-GameData","C:\GameData\MechJeb2","Icons\Surface_Navigation.png","File","440","070A45DA55F1D2A5A25636A9D495624E520BFE80EED6D01435B8321DD7C00C73","DAVE-GT-PC\Dave","2026-09-02T13:23:08.9411121Z","2026-09-20T03:58:56.0089531Z"
"C-GameData","C:\GameData\MechJeb2","Icons\Target_Orbit_Info.png","File","439","A7E82B2213D0B548D61695C06CA8661C557667F1386C7F736E5DE301B89E4B90","DAVE-GT-PC\Dave","2026-09-02T13:23:08.9416112Z","2026-09-20T03:58:56.0094517Z"
"C-GameData","C:\GameData\MechJeb2","Icons\Translatron.png","File","607","BF140BB0203DABFA91FFBAC47664BA942ABD502F8B17AE9EC8656F41A623D61E","DAVE-GT-PC\Dave","2026-09-02T13:23:08.9426109Z","2026-09-20T03:58:56.0099523Z"
"C-GameData","C:\GameData\MechJeb2","Icons\up.png","File","195","5F0D266E9E03D0B3F7D619CBA9C2B2CE84326F54486DB95031FE6B3244C45418","DAVE-GT-PC\Dave","2026-09-02T13:23:08.9436123Z","2026-09-20T03:58:56.0124514Z"
"C-GameData","C:\GameData\MechJeb2","Icons\Utilities.png","File","354","98608970943D43F6BD3357B64081421D4B3F16795E76BFA933BE1B48035767D0","DAVE-GT-PC\Dave","2026-09-02T13:23:08.9441110Z","2026-09-20T03:58:56.0099523Z"
"C-GameData","C:\GameData\MechJeb2","Icons\Vessel_Info.png","File","714","9E5BC685760CE94A9329144DA3AAC27A0AD12D78C052F3BB10076B3265836125","DAVE-GT-PC\Dave","2026-09-02T13:23:08.9446121Z","2026-09-20T03:58:56.0104520Z"
"C-GameData","C:\GameData\MechJeb2","Icons\view_a.png","File","2811","C5D86C5523DB068C90240D815CC72691E12E9471C20E474BC4D28EA426EDB3E5","DAVE-GT-PC\Dave","2026-09-02T13:23:08.9461121Z","2026-09-20T03:58:56.0134540Z"
"C-GameData","C:\GameData\MechJeb2","Icons\view.png","File","2833","952063F1FBA8591F2918C952D38E4A47C02AC71076734BEB11C885F26A8C0FFA","DAVE-GT-PC\Dave","2026-09-02T13:23:08.9451112Z","2026-09-20T03:58:56.0129513Z"
"C-GameData","C:\GameData\MechJeb2","Icons\Warp_Helper.png","File","1431","CE6FA7575CB030A779AC8D979BE105A5A93149940148C9D3EEAB30B8D1D5B7B2","DAVE-GT-PC\Dave","2026-09-02T13:23:08.9466113Z","2026-09-20T03:58:56.0109539Z"
"C-GameData","C:\GameData\MechJeb2","Localization\en-us.cfg","File","71901","FE0D4EDE70F8115DA66D916CCB140CA749503081B40D738B7FA52567C9F42945","DAVE-GT-PC\Dave","2026-09-02T13:23:08.9586109Z","2026-09-27T01:18:52.8569924Z"
"C-GameData","C:\GameData\MechJeb2","Localization\es-es.cfg","File","72565","16D6F1947EB0165E9F1C614906DE2A52A132888D4CCDFFB3BB16B1A5AC4C229C","DAVE-GT-PC\Dave","2026-09-02T13:23:08.9596106Z","2026-09-27T01:18:52.8574950Z"
"C-GameData","C:\GameData\MechJeb2","Localization\fr-fr.cfg","File","75416","CDE34270A4BF516AF48ED21FEC442E66CF3A258250BF10F333ABCE4C44D85D8C","DAVE-GT-PC\Dave","2026-09-02T13:23:08.9606115Z","2026-09-27T01:18:52.8584952Z"
"C-GameData","C:\GameData\MechJeb2","Localization\ru.cfg","File","94449","DCD6B6628E042E5F95C70A0AF6E327F997B5FA02CF17B24F757F9E26F4D03EBE","DAVE-GT-PC\Dave","2026-09-02T13:23:08.9616106Z","2026-09-27T01:18:52.8589952Z"
"C-GameData","C:\GameData\MechJeb2","Localization\zh-cn.cfg","File","70388","61A494D437F08CF515E2D7E88D0BB2AD4D9B1CF093A9FEB2D9F6B8EB85922C8D","DAVE-GT-PC\Dave","2026-09-02T13:23:08.9626103Z","2026-09-27T01:18:52.8594951Z"
"C-GameData","C:\GameData\MechJeb2","Parts\MechJeb2_AR202","Directory",,,"DAVE-GT-PC\Dave","2026-09-02T13:23:08.9761105Z","2026-09-20T03:58:56.1944527Z"
"C-GameData","C:\GameData\MechJeb2","Parts\MechJebNoCommandPod.cfg","File","2428","DF8E5E0F3EC6646DDC00137AFB7C665E6DFCE977ABDDEA319439F84E3D850A0D","DAVE-GT-PC\Dave","2026-09-02T13:23:08.9751107Z","2026-09-20T03:58:56.1949522Z"
"C-GameData","C:\GameData\MechJeb2","Parts\MechJeb2_AR202\AR202_HD2_tex.dds","File","699192","D99525A8C3BA388FA41D636E0F774ECA7A2CA8D913C55C5FD5E4D37DA0CD0F91","DAVE-GT-PC\Dave","2026-09-02T13:23:08.9766112Z","2026-09-20T03:58:56.1934516Z"
"C-GameData","C:\GameData\MechJeb2","Parts\MechJeb2_AR202\model.mu","File","93206","8C007A72820230B4BFF28AE0659FF7949CD1A7B929BCBD195406CA53B885B541","DAVE-GT-PC\Dave","2026-09-02T13:23:08.9786113Z","2026-09-20T03:58:56.1939530Z"
"C-GameData","C:\GameData\MechJeb2","Parts\MechJeb2_AR202\part.cfg","File","7559","E0B298A14380E300FC19867DBA88FC5F549E7FEFBB2A575BBB0DF8476B25816F","DAVE-GT-PC\Dave","2026-09-02T13:23:08.9796114Z","2026-09-20T03:58:56.1944527Z"
"C-GameData","C:\GameData\MechJeb2","Plugins\alglib.dll","File","3350016","61F383E13F672BC69599D65265A36293265DA7164E4A2CB6FEA4CA0C042C46F9","DAVE-GT-PC\Dave","2026-09-02T13:23:08.8746114Z","2026-09-27T15:04:10.9504266Z"
"C-GameData","C:\GameData\MechJeb2","Plugins\alglib.pdb","File","1217468","2E7FF57188C00244F6A9C20D8390F77E974C63F85D24E7BC9A1DF6F37758559E","DAVE-GT-PC\Dave","2026-09-02T13:23:08.8886122Z","2026-09-27T15:04:10.9409259Z"
"C-GameData","C:\GameData\MechJeb2","Plugins\JetBrains.Annotations.dll","File","109056","5494939D0B986B953582FA150435B0CC784B180A214EE4DCCA9785058E585B6F","DAVE-GT-PC\Dave","2026-09-02T13:23:08.7876128Z","2023-11-07T21:36:16.0000000Z"
"C-GameData","C:\GameData\MechJeb2","Plugins\JetBrains.Annotations.xml","File","69069","A95BE13788D613426239A7AE83B6274F6C739EF10CDD00C172FEA69533EE95B3","DAVE-GT-PC\Dave","2026-09-02T13:23:08.8096121Z","2023-11-07T21:36:16.0000000Z"
"C-GameData","C:\GameData\MechJeb2","Plugins\MechJeb2.dll","File","2070016","D9A6859AD0C0F510EECB65A49615974670C04D9F807B6214D6CDEEB3387CF01A","DAVE-GT-PC\Dave","2026-09-02T13:23:08.7521128Z","2026-09-27T15:04:12.7364844Z"
"C-GameData","C:\GameData\MechJeb2","Plugins\MechJeb2.pdb","File","318268","3DA93B4DEA2B9E9FE5CA4B80211E22C03AC0F40F658855E8F424C0F4458457A7","DAVE-GT-PC\Dave","2026-09-20T07:32:27.5689475Z","2026-09-26T12:22:17.1063230Z"
"C-GameData","C:\GameData\MechJeb2","Plugins\MechJebLib.dll","File","340480","9B34071DAFE9FE3E77F2D86D58ECDC65BD0FE1DCB5D268C656E8C9C59B634A2C","DAVE-GT-PC\Dave","2026-09-02T13:23:08.8221133Z","2026-09-27T15:04:11.3014262Z"
"C-GameData","C:\GameData\MechJeb2","Plugins\MechJebLib.pdb","File","114396","FF2A4C42984FF2D9AD0CFCA4AF2517734608462A30BAC0A374C8EB1DCB69BB6D","DAVE-GT-PC\Dave","2026-09-02T13:23:08.8336107Z","2026-09-27T15:04:11.2999261Z"
"C-GameData","C:\GameData\MechJeb2","Plugins\MechJebLibBindings.dll","File","29184","8B6C7203BE8C6FC0CB66B96E758D2736348C851CDB89726A1B5A71630CC5E52D","DAVE-GT-PC\Dave","2026-09-02T13:23:08.8481113Z","2026-09-27T15:04:12.0249269Z"
"C-GameData","C:\GameData\MechJeb2","Plugins\MechJebLibBindings.pdb","File","9072","A92F63CA5C1C5D30FE7F9BCB0F028118CD0D7AD946056A9DDDEFDD16068005E1","DAVE-GT-PC\Dave","2026-09-02T13:23:08.8611115Z","2026-09-27T15:04:12.0249269Z"
"Temp-Staging","C:\Users\Dave\AppData\Local\Temp\MechJeb2-test-staging-ed6bc902e3c044dab231cf097b703c38",".","Directory",,,"DAVE-GT-PC\Dave","2026-09-27T15:04:50.8709035Z","2026-09-27T15:05:15.3079477Z"
"Temp-Staging","C:\Users\Dave\AppData\Local\Temp\MechJeb2-test-staging-ed6bc902e3c044dab231cf097b703c38","GameData","Directory",,,"DAVE-GT-PC\Dave","2026-09-27T15:05:15.3079477Z","2026-09-27T15:05:15.3084466Z"
"Temp-Staging","C:\Users\Dave\AppData\Local\Temp\MechJeb2-test-staging-ed6bc902e3c044dab231cf097b703c38","GameData\MechJeb2","Directory",,,"DAVE-GT-PC\Dave","2026-09-27T15:05:15.3084466Z","2026-09-27T15:05:15.5129474Z"
"Temp-Staging","C:\Users\Dave\AppData\Local\Temp\MechJeb2-test-staging-ed6bc902e3c044dab231cf097b703c38","GameData\MechJeb2\Bundles","Directory",,,"DAVE-GT-PC\Dave","2026-09-27T15:05:15.4249474Z","2026-09-20T03:58:55.9899534Z"
"Temp-Staging","C:\Users\Dave\AppData\Local\Temp\MechJeb2-test-staging-ed6bc902e3c044dab231cf097b703c38","GameData\MechJeb2\Icons","Directory",,,"DAVE-GT-PC\Dave","2026-09-27T15:05:15.4394497Z","2026-09-20T03:58:56.0134540Z"
"Temp-Staging","C:\Users\Dave\AppData\Local\Temp\MechJeb2-test-staging-ed6bc902e3c044dab231cf097b703c38","GameData\MechJeb2\Localization","Directory",,,"DAVE-GT-PC\Dave","2026-09-27T15:05:15.4784490Z","2026-09-27T01:18:52.8594951Z"
"Temp-Staging","C:\Users\Dave\AppData\Local\Temp\MechJeb2-test-staging-ed6bc902e3c044dab231cf097b703c38","GameData\MechJeb2\Parts","Directory",,,"DAVE-GT-PC\Dave","2026-09-27T15:05:15.4959480Z","2026-09-20T03:58:56.1949522Z"
"Temp-Staging","C:\Users\Dave\AppData\Local\Temp\MechJeb2-test-staging-ed6bc902e3c044dab231cf097b703c38","GameData\MechJeb2\Plugins","Directory",,,"DAVE-GT-PC\Dave","2026-09-27T15:05:15.3084466Z","2026-09-27T15:05:15.4109474Z"
"Temp-Staging","C:\Users\Dave\AppData\Local\Temp\MechJeb2-test-staging-ed6bc902e3c044dab231cf097b703c38","GameData\MechJeb2\LandingSites.cfg","File","2555","4B995102225AD5F4322FB282D3BDA312F87DD914A2C7154CA1C1E615544AA522","DAVE-GT-PC\Dave","2026-09-27T15:05:15.5124472Z","2026-09-20T03:58:56.0174535Z"
"Temp-Staging","C:\Users\Dave\AppData\Local\Temp\MechJeb2-test-staging-ed6bc902e3c044dab231cf097b703c38","GameData\MechJeb2\Bundles\shaders.bundle","File","688209","C2C47F568072BDD558E5C2195BBF22C42F89DE48040D940BF2DE4AD703ED5141","DAVE-GT-PC\Dave","2026-09-27T15:05:15.4264481Z","2026-09-20T03:58:55.9939527Z"
"Temp-Staging","C:\Users\Dave\AppData\Local\Temp\MechJeb2-test-staging-ed6bc902e3c044dab231cf097b703c38","GameData\MechJeb2\Icons\Aircraft_Approach_&_Autoland.png","File","436","AAC1FC88EA53AE67222B81A8807B2E51DB61AAE093651AEAC30BB985E7E40737","DAVE-GT-PC\Dave","2026-09-27T15:05:15.4409476Z","2026-09-20T03:58:55.9959512Z"
"Temp-Staging","C:\Users\Dave\AppData\Local\Temp\MechJeb2-test-staging-ed6bc902e3c044dab231cf097b703c38","GameData\MechJeb2\Icons\Aircraft_Autopilot.png","File","424","DC3DD3D1210A8520FE6630575FF3A78FC1E2382330D1AFF280FAE6D37E3E7520","DAVE-GT-PC\Dave","2026-09-27T15:05:15.4414475Z","2026-09-20T03:58:55.9964519Z"
"Temp-Staging","C:\Users\Dave\AppData\Local\Temp\MechJeb2-test-staging-ed6bc902e3c044dab231cf097b703c38","GameData\MechJeb2\Icons\Ascent_Guidance.png","File","543","63216D3F910E86EA6F4A7AD900451256DA7116237312C8B47EE34B77D5EB8D8B","DAVE-GT-PC\Dave","2026-09-27T15:05:15.4419493Z","2026-09-20T03:58:55.9969511Z"
"Temp-Staging","C:\Users\Dave\AppData\Local\Temp\MechJeb2-test-staging-ed6bc902e3c044dab231cf097b703c38","GameData\MechJeb2\Icons\Ascent_Stats.png","File","524","AE81063325411CC4DF6BB8C23F1161FCB5C3646B00739C8BBAFDBB852EC58F34","DAVE-GT-PC\Dave","2026-09-27T15:05:15.4429471Z","2026-09-20T03:58:55.9974505Z"
"Temp-Staging","C:\Users\Dave\AppData\Local\Temp\MechJeb2-test-staging-ed6bc902e3c044dab231cf097b703c38","GameData\MechJeb2\Icons\Attitude_Adjustment.png","File","428","81DB2CB30566204E7401424AB9244BBFE26060D7556826F43081557BEBEEBB02","DAVE-GT-PC\Dave","2026-09-27T15:05:15.4434478Z","2026-09-20T03:58:55.9974505Z"
"Temp-Staging","C:\Users\Dave\AppData\Local\Temp\MechJeb2-test-staging-ed6bc902e3c044dab231cf097b703c38","GameData\MechJeb2\Icons\Auto_Warp_active.png","File","3825","821AE0E452EED1BA0BC6050FEFC85465F66E1D7B52EC156A20F71844271B7205","DAVE-GT-PC\Dave","2026-09-27T15:05:15.4459487Z","2026-09-20T03:58:55.9979519Z"
"Temp-Staging","C:\Users\Dave\AppData\Local\Temp\MechJeb2-test-staging-ed6bc902e3c044dab231cf097b703c38","GameData\MechJeb2\Icons\Auto_Warp.png","File","3652","74CB4FE814656AAA81B398D9AD3DA4746FF9F058DC4C277A1A04CE547ABE9F81","DAVE-GT-PC\Dave","2026-09-27T15:05:15.4454467Z","2026-09-20T03:58:55.9979519Z"
"Temp-Staging","C:\Users\Dave\AppData\Local\Temp\MechJeb2-test-staging-ed6bc902e3c044dab231cf097b703c38","GameData\MechJeb2\Icons\Autostage_Once_active.png","File","4119","2C2E94A9A652E22D262D25DE6549CA3100224FD83BFE50C32C17197C55A7DC0C","DAVE-GT-PC\Dave","2026-09-27T15:05:15.4444492Z","2026-09-20T03:58:55.9984512Z"
"Temp-Staging","C:\Users\Dave\AppData\Local\Temp\MechJeb2-test-staging-ed6bc902e3c044dab231cf097b703c38","GameData\MechJeb2\Icons\Autostage_Once.png","File","4074","16B7A309546125F6D6F56945D76B70AC2390A529C1CBB16020BC1FA6FCCEB0EA","DAVE-GT-PC\Dave","2026-09-27T15:05:15.4439474Z","2026-09-20T03:58:55.9984512Z"
"Temp-Staging","C:\Users\Dave\AppData\Local\Temp\MechJeb2-test-staging-ed6bc902e3c044dab231cf097b703c38","GameData\MechJeb2\Icons\Custom_Window_Editor.png","File","563","E794C457BCBAE1799626986858C65503146FA0AD0607C5BCFE10A4665D6B1A33","DAVE-GT-PC\Dave","2026-09-27T15:05:15.4464487Z","2026-09-20T03:58:55.9989519Z"
"Temp-Staging","C:\Users\Dave\AppData\Local\Temp\MechJeb2-test-staging-ed6bc902e3c044dab231cf097b703c38","GameData\MechJeb2\Icons\delete.png","File","445","4B40D8F7DD61854D3C59F3E4A3C236E9EEE48980D7DF4F4092894A61FA83E7AA","DAVE-GT-PC\Dave","2026-09-27T15:05:15.4469467Z","2026-09-20T03:58:56.0114513Z"
"Temp-Staging","C:\Users\Dave\AppData\Local\Temp\MechJeb2-test-staging-ed6bc902e3c044dab231cf097b703c38","GameData\MechJeb2\Icons\Delta-V_Stats.png","File","493","A0E2B97CC4E131CB87073E801CFBEEDB81786AA14B47186C75AD944D0215105A","DAVE-GT-PC\Dave","2026-09-27T15:05:15.4474475Z","2026-09-20T03:58:55.9994527Z"
"Temp-Staging","C:\Users\Dave\AppData\Local\Temp\MechJeb2-test-staging-ed6bc902e3c044dab231cf097b703c38","GameData\MechJeb2\Icons\Docking_Autopilot.png","File","437","FACC5858D5FBF4163C11CAD2E5B2430707BCBF89D6FA7B2972D6492504C4D233","DAVE-GT-PC\Dave","2026-09-27T15:05:15.4479484Z","2026-09-20T03:58:55.9994527Z"
"Temp-Staging","C:\Users\Dave\AppData\Local\Temp\MechJeb2-test-staging-ed6bc902e3c044dab231cf097b703c38","GameData\MechJeb2\Icons\Exec_Node_active.png","File","3269","525C18E1D593699268AC66A61859247D7761E5BFF252CC108BBDCDE627061377","DAVE-GT-PC\Dave","2026-09-27T15:05:15.4494474Z","2026-09-20T03:58:55.9999522Z"
"Temp-Staging","C:\Users\Dave\AppData\Local\Temp\MechJeb2-test-staging-ed6bc902e3c044dab231cf097b703c38","GameData\MechJeb2\Icons\Exec_Node.png","File","3190","95978AA12E5AD9404609C3EFDC5A5A317A364F4D30D8407DDA1BD44B38654AA1","DAVE-GT-PC\Dave","2026-09-27T15:05:15.4484464Z","2026-09-20T03:58:55.9999522Z"
"Temp-Staging","C:\Users\Dave\AppData\Local\Temp\MechJeb2-test-staging-ed6bc902e3c044dab231cf097b703c38","GameData\MechJeb2\Icons\Flight_Recorder.png","File","318","254FE00DC4225C06B2FC475D20734F79A7EF4FF661B17D79054987C06B314B12","DAVE-GT-PC\Dave","2026-09-27T15:05:15.4499465Z","2026-09-20T03:58:56.0004547Z"
"Temp-Staging","C:\Users\Dave\AppData\Local\Temp\MechJeb2-test-staging-ed6bc902e3c044dab231cf097b703c38","GameData\MechJeb2\Icons\Landing_Guidance.png","File","800","C7081D98E915C620CEDF911FB1807CD06696480F75C558B28B34148D76499923","DAVE-GT-PC\Dave","2026-09-27T15:05:15.4504464Z","2026-09-20T03:58:56.0004547Z"
"Temp-Staging","C:\Users\Dave\AppData\Local\Temp\MechJeb2-test-staging-ed6bc902e3c044dab231cf097b703c38","GameData\MechJeb2\Icons\Landing_Info.png","File","379","CC57C70B02AC6DC22E3C10D3EEAFD5378BF8EB16C1EFDC6DA90C3ADFC62E8660","DAVE-GT-PC\Dave","2026-09-27T15:05:15.4509476Z","2026-09-20T03:58:56.0009535Z"
"Temp-Staging","C:\Users\Dave\AppData\Local\Temp\MechJeb2-test-staging-ed6bc902e3c044dab231cf097b703c38","GameData\MechJeb2\Icons\Maneuver_Node_Editor.png","File","572","5B3E43096A6FCECB20CAE76E69DF49B7AC9988927357D19CD6D8F647F3F8FEFC","DAVE-GT-PC\Dave","2026-09-27T15:05:15.4514465Z","2026-09-20T03:58:56.0019519Z"
"Temp-Staging","C:\Users\Dave\AppData\Local\Temp\MechJeb2-test-staging-ed6bc902e3c044dab231cf097b703c38","GameData\MechJeb2\Icons\Maneuver_Planner.png","File","611","C51EA2EA6A1D63AA28BB5CB656FA03151E7BC67CA6C2100114A6FC41894F1FD6","DAVE-GT-PC\Dave","2026-09-27T15:05:15.4519478Z","2026-09-20T03:58:56.0024531Z"
"Temp-Staging","C:\Users\Dave\AppData\Local\Temp\MechJeb2-test-staging-ed6bc902e3c044dab231cf097b703c38","GameData\MechJeb2\Icons\MJ2.png","File","239","2A9961FFC360056ABDEC4BA634B6651D965A800385108DB353CCB2CA1A5CC8BA","DAVE-GT-PC\Dave","2026-09-27T15:05:15.4529480Z","2026-09-20T03:58:56.0014519Z"
"Temp-Staging","C:\Users\Dave\AppData\Local\Temp\MechJeb2-test-staging-ed6bc902e3c044dab231cf097b703c38","GameData\MechJeb2\Icons\Orbit_Info.png","File","460","D6C76DE98A6313A4A6EF2F8551C5AE59C22FF0150829FAB7C6C5723912B14826","DAVE-GT-PC\Dave","2026-09-27T15:05:15.4534465Z","2026-09-20T03:58:56.0029511Z"
"Temp-Staging","C:\Users\Dave\AppData\Local\Temp\MechJeb2-test-staging-ed6bc902e3c044dab231cf097b703c38","GameData\MechJeb2\Icons\QMark.png","File","468","86571BC4BBD97B5F80EDBDF14F47AEACD4D206BB318424CD67A8907BF8960027","DAVE-GT-PC\Dave","2026-09-27T15:05:15.4539485Z","2026-09-20T03:58:56.0029511Z"
"Temp-Staging","C:\Users\Dave\AppData\Local\Temp\MechJeb2-test-staging-ed6bc902e3c044dab231cf097b703c38","GameData\MechJeb2\Icons\RCS_Balancer.png","File","523","4F5DDE0AF1D221628FC00B3B68563D04150B46EE0904AA707EC41DE39409D6A9","DAVE-GT-PC\Dave","2026-09-27T15:05:15.4544476Z","2026-09-20T03:58:56.0034506Z"
"Temp-Staging","C:\Users\Dave\AppData\Local\Temp\MechJeb2-test-staging-ed6bc902e3c044dab231cf097b703c38","GameData\MechJeb2\Icons\refresh.png","File","392","8DCF8A97A9129323D27666F7AE3C26322DF91A0F8E996F030D8077441BA87440","DAVE-GT-PC\Dave","2026-09-27T15:05:15.4549470Z","2026-09-20T03:58:56.0119517Z"
"Temp-Staging","C:\Users\Dave\AppData\Local\Temp\MechJeb2-test-staging-ed6bc902e3c044dab231cf097b703c38","GameData\MechJeb2\Icons\Rendezvous_Autopilot.png","File","694","6FBE3391FF438BCB2D2E5AACC13D9F33E86E9A7ED3B5A1CD18AD74B9FBCB55AB","DAVE-GT-PC\Dave","2026-09-27T15:05:15.4559476Z","2026-09-20T03:58:56.0039514Z"
"Temp-Staging","C:\Users\Dave\AppData\Local\Temp\MechJeb2-test-staging-ed6bc902e3c044dab231cf097b703c38","GameData\MechJeb2\Icons\Rendezvous_Info.png","File","422","707745A314A903EC0657C6E2F52855687AEDF8889AD042380283BA23EF982B49","DAVE-GT-PC\Dave","2026-09-27T15:05:15.4564493Z","2026-09-20T03:58:56.0044518Z"
"Temp-Staging","C:\Users\Dave\AppData\Local\Temp\MechJeb2-test-staging-ed6bc902e3c044dab231cf097b703c38","GameData\MechJeb2\Icons\Rendezvous_Planner.png","File","653","E4D75CA49719B64DF283094ADFCE94DED6D00B587543F5869BB48EECCBEA020F","DAVE-GT-PC\Dave","2026-09-27T15:05:15.4569478Z","2026-09-20T03:58:56.0049512Z"
"Temp-Staging","C:\Users\Dave\AppData\Local\Temp\MechJeb2-test-staging-ed6bc902e3c044dab231cf097b703c38","GameData\MechJeb2\Icons\Rover_Autopilot.png","File","445","7A73ECC5E5675EDBCE2E7E5B6498DC5F12C59EE747C2D6DC1EA48C3CA9B7EE25","DAVE-GT-PC\Dave","2026-09-27T15:05:15.4579474Z","2026-09-20T03:58:56.0054506Z"
"Temp-Staging","C:\Users\Dave\AppData\Local\Temp\MechJeb2-test-staging-ed6bc902e3c044dab231cf097b703c38","GameData\MechJeb2\Icons\Scripting_Module.png","File","333","9D77EF3A9639DF1C316A0FD864980AC8993DA462F13921059E071A827ECD81A3","DAVE-GT-PC\Dave","2026-09-27T15:05:15.4584467Z","2026-09-20T03:58:56.0059508Z"
"Temp-Staging","C:\Users\Dave\AppData\Local\Temp\MechJeb2-test-staging-ed6bc902e3c044dab231cf097b703c38","GameData\MechJeb2\Icons\Settings.png","File","449","A75E4F2C25F8DB1E69D0E0B2B6E7EC4EFA871416B17F5ECE48750B1BB8293B37","DAVE-GT-PC\Dave","2026-09-27T15:05:15.4589469Z","2026-09-20T03:58:56.0059508Z"
"Temp-Staging","C:\Users\Dave\AppData\Local\Temp\MechJeb2-test-staging-ed6bc902e3c044dab231cf097b703c38","GameData\MechJeb2\Icons\Smart_A_S_S_.png","File","790","231A8502B44F65A4A053E3DAFD262114720235B57D2AADAF0F1780C36DA42820","DAVE-GT-PC\Dave","2026-09-27T15:05:15.4604463Z","2026-09-20T03:58:56.0074520Z"
"Temp-Staging","C:\Users\Dave\AppData\Local\Temp\MechJeb2-test-staging-ed6bc902e3c044dab231cf097b703c38","GameData\MechJeb2\Icons\SmartRCS_active.png","File","535","E0211BFDA9B02E61302B38E6FDF9F3A70FABFD9781A0BE426BDA6185D4031013","DAVE-GT-PC\Dave","2026-09-27T15:05:15.4599483Z","2026-09-20T03:58:56.0069532Z"
"Temp-Staging","C:\Users\Dave\AppData\Local\Temp\MechJeb2-test-staging-ed6bc902e3c044dab231cf097b703c38","GameData\MechJeb2\Icons\SmartRCS.png","File","519","F4B8C2A6044C928A0D6BE5FF8D371D5A2D1A59FF9143B4FD1AD42562BB815CE8","DAVE-GT-PC\Dave","2026-09-27T15:05:15.4594477Z","2026-09-20T03:58:56.0064514Z"
"Temp-Staging","C:\Users\Dave\AppData\Local\Temp\MechJeb2-test-staging-ed6bc902e3c044dab231cf097b703c38","GameData\MechJeb2\Icons\Spaceplane_Guidance.png","File","607","F832FFD6C44C41FF32532A7147AC865015EACB1D845B0F4606BA9EAA29306589","DAVE-GT-PC\Dave","2026-09-27T15:05:15.4609474Z","2026-09-20T03:58:56.0079516Z"
"Temp-Staging","C:\Users\Dave\AppData\Local\Temp\MechJeb2-test-staging-ed6bc902e3c044dab231cf097b703c38","GameData\MechJeb2\Icons\Surface_Info.png","File","661","7314E2B06F946672EE2C0F839668E57DE7A483A015CE525316312041BB0DCE3D","DAVE-GT-PC\Dave","2026-09-27T15:05:15.4614479Z","2026-09-20T03:58:56.0084517Z"
"Temp-Staging","C:\Users\Dave\AppData\Local\Temp\MechJeb2-test-staging-ed6bc902e3c044dab231cf097b703c38","GameData\MechJeb2\Icons\Surface_Navigation.png","File","440","070A45DA55F1D2A5A25636A9D495624E520BFE80EED6D01435B8321DD7C00C73","DAVE-GT-PC\Dave","2026-09-27T15:05:15.4619485Z","2026-09-20T03:58:56.0089531Z"
"Temp-Staging","C:\Users\Dave\AppData\Local\Temp\MechJeb2-test-staging-ed6bc902e3c044dab231cf097b703c38","GameData\MechJeb2\Icons\Target_Orbit_Info.png","File","439","A7E82B2213D0B548D61695C06CA8661C557667F1386C7F736E5DE301B89E4B90","DAVE-GT-PC\Dave","2026-09-27T15:05:15.4629461Z","2026-09-20T03:58:56.0094517Z"
"Temp-Staging","C:\Users\Dave\AppData\Local\Temp\MechJeb2-test-staging-ed6bc902e3c044dab231cf097b703c38","GameData\MechJeb2\Icons\Translatron.png","File","607","BF140BB0203DABFA91FFBAC47664BA942ABD502F8B17AE9EC8656F41A623D61E","DAVE-GT-PC\Dave","2026-09-27T15:05:15.4634474Z","2026-09-20T03:58:56.0099523Z"
"Temp-Staging","C:\Users\Dave\AppData\Local\Temp\MechJeb2-test-staging-ed6bc902e3c044dab231cf097b703c38","GameData\MechJeb2\Icons\up.png","File","195","5F0D266E9E03D0B3F7D619CBA9C2B2CE84326F54486DB95031FE6B3244C45418","DAVE-GT-PC\Dave","2026-09-27T15:05:15.4639465Z","2026-09-20T03:58:56.0124514Z"
"Temp-Staging","C:\Users\Dave\AppData\Local\Temp\MechJeb2-test-staging-ed6bc902e3c044dab231cf097b703c38","GameData\MechJeb2\Icons\Utilities.png","File","354","98608970943D43F6BD3357B64081421D4B3F16795E76BFA933BE1B48035767D0","DAVE-GT-PC\Dave","2026-09-27T15:05:15.4644488Z","2026-09-20T03:58:56.0099523Z"
"Temp-Staging","C:\Users\Dave\AppData\Local\Temp\MechJeb2-test-staging-ed6bc902e3c044dab231cf097b703c38","GameData\MechJeb2\Icons\Vessel_Info.png","File","714","9E5BC685760CE94A9329144DA3AAC27A0AD12D78C052F3BB10076B3265836125","DAVE-GT-PC\Dave","2026-09-27T15:05:15.4649478Z","2026-09-20T03:58:56.0104520Z"
"Temp-Staging","C:\Users\Dave\AppData\Local\Temp\MechJeb2-test-staging-ed6bc902e3c044dab231cf097b703c38","GameData\MechJeb2\Icons\view_a.png","File","2811","C5D86C5523DB068C90240D815CC72691E12E9471C20E474BC4D28EA426EDB3E5","DAVE-GT-PC\Dave","2026-09-27T15:05:15.4659471Z","2026-09-20T03:58:56.0134540Z"
"Temp-Staging","C:\Users\Dave\AppData\Local\Temp\MechJeb2-test-staging-ed6bc902e3c044dab231cf097b703c38","GameData\MechJeb2\Icons\view.png","File","2833","952063F1FBA8591F2918C952D38E4A47C02AC71076734BEB11C885F26A8C0FFA","DAVE-GT-PC\Dave","2026-09-27T15:05:15.4654473Z","2026-09-20T03:58:56.0129513Z"
"Temp-Staging","C:\Users\Dave\AppData\Local\Temp\MechJeb2-test-staging-ed6bc902e3c044dab231cf097b703c38","GameData\MechJeb2\Icons\Warp_Helper.png","File","1431","CE6FA7575CB030A779AC8D979BE105A5A93149940148C9D3EEAB30B8D1D5B7B2","DAVE-GT-PC\Dave","2026-09-27T15:05:15.4669492Z","2026-09-20T03:58:56.0109539Z"
"Temp-Staging","C:\Users\Dave\AppData\Local\Temp\MechJeb2-test-staging-ed6bc902e3c044dab231cf097b703c38","GameData\MechJeb2\Localization\en-us.cfg","File","71901","FE0D4EDE70F8115DA66D916CCB140CA749503081B40D738B7FA52567C9F42945","DAVE-GT-PC\Dave","2026-09-27T15:05:15.4799496Z","2026-09-27T01:18:52.8569924Z"
"Temp-Staging","C:\Users\Dave\AppData\Local\Temp\MechJeb2-test-staging-ed6bc902e3c044dab231cf097b703c38","GameData\MechJeb2\Localization\es-es.cfg","File","72565","16D6F1947EB0165E9F1C614906DE2A52A132888D4CCDFFB3BB16B1A5AC4C229C","DAVE-GT-PC\Dave","2026-09-27T15:05:15.4804486Z","2026-09-27T01:18:52.8574950Z"
"Temp-Staging","C:\Users\Dave\AppData\Local\Temp\MechJeb2-test-staging-ed6bc902e3c044dab231cf097b703c38","GameData\MechJeb2\Localization\fr-fr.cfg","File","75416","CDE34270A4BF516AF48ED21FEC442E66CF3A258250BF10F333ABCE4C44D85D8C","DAVE-GT-PC\Dave","2026-09-27T15:05:15.4809495Z","2026-09-27T01:18:52.8584952Z"
"Temp-Staging","C:\Users\Dave\AppData\Local\Temp\MechJeb2-test-staging-ed6bc902e3c044dab231cf097b703c38","GameData\MechJeb2\Localization\ru.cfg","File","94449","DCD6B6628E042E5F95C70A0AF6E327F997B5FA02CF17B24F757F9E26F4D03EBE","DAVE-GT-PC\Dave","2026-09-27T15:05:15.4819479Z","2026-09-27T01:18:52.8589952Z"
"Temp-Staging","C:\Users\Dave\AppData\Local\Temp\MechJeb2-test-staging-ed6bc902e3c044dab231cf097b703c38","GameData\MechJeb2\Localization\zh-cn.cfg","File","70388","61A494D437F08CF515E2D7E88D0BB2AD4D9B1CF093A9FEB2D9F6B8EB85922C8D","DAVE-GT-PC\Dave","2026-09-27T15:05:15.4824476Z","2026-09-27T01:18:52.8594951Z"
"Temp-Staging","C:\Users\Dave\AppData\Local\Temp\MechJeb2-test-staging-ed6bc902e3c044dab231cf097b703c38","GameData\MechJeb2\Parts\MechJeb2_AR202","Directory",,,"DAVE-GT-PC\Dave","2026-09-27T15:05:15.4974471Z","2026-09-20T03:58:56.1944527Z"
"Temp-Staging","C:\Users\Dave\AppData\Local\Temp\MechJeb2-test-staging-ed6bc902e3c044dab231cf097b703c38","GameData\MechJeb2\Parts\MechJebNoCommandPod.cfg","File","2428","DF8E5E0F3EC6646DDC00137AFB7C665E6DFCE977ABDDEA319439F84E3D850A0D","DAVE-GT-PC\Dave","2026-09-27T15:05:15.4969475Z","2026-09-20T03:58:56.1949522Z"
"Temp-Staging","C:\Users\Dave\AppData\Local\Temp\MechJeb2-test-staging-ed6bc902e3c044dab231cf097b703c38","GameData\MechJeb2\Parts\MechJeb2_AR202\AR202_HD2_tex.dds","File","699192","D99525A8C3BA388FA41D636E0F774ECA7A2CA8D913C55C5FD5E4D37DA0CD0F91","DAVE-GT-PC\Dave","2026-09-27T15:05:15.4979476Z","2026-09-20T03:58:56.1934516Z"
"Temp-Staging","C:\Users\Dave\AppData\Local\Temp\MechJeb2-test-staging-ed6bc902e3c044dab231cf097b703c38","GameData\MechJeb2\Parts\MechJeb2_AR202\model.mu","File","93206","8C007A72820230B4BFF28AE0659FF7949CD1A7B929BCBD195406CA53B885B541","DAVE-GT-PC\Dave","2026-09-27T15:05:15.4989478Z","2026-09-20T03:58:56.1939530Z"
"Temp-Staging","C:\Users\Dave\AppData\Local\Temp\MechJeb2-test-staging-ed6bc902e3c044dab231cf097b703c38","GameData\MechJeb2\Parts\MechJeb2_AR202\part.cfg","File","7559","E0B298A14380E300FC19867DBA88FC5F549E7FEFBB2A575BBB0DF8476B25816F","DAVE-GT-PC\Dave","2026-09-27T15:05:15.4994477Z","2026-09-20T03:58:56.1944527Z"
"Temp-Staging","C:\Users\Dave\AppData\Local\Temp\MechJeb2-test-staging-ed6bc902e3c044dab231cf097b703c38","GameData\MechJeb2\Plugins\alglib.dll","File","3350016","61F383E13F672BC69599D65265A36293265DA7164E4A2CB6FEA4CA0C042C46F9","DAVE-GT-PC\Dave","2026-09-27T15:05:15.3969492Z","2026-09-27T15:04:10.9504266Z"
"Temp-Staging","C:\Users\Dave\AppData\Local\Temp\MechJeb2-test-staging-ed6bc902e3c044dab231cf097b703c38","GameData\MechJeb2\Plugins\alglib.pdb","File","1217468","2E7FF57188C00244F6A9C20D8390F77E974C63F85D24E7BC9A1DF6F37758559E","DAVE-GT-PC\Dave","2026-09-27T15:05:15.4109474Z","2026-09-27T15:04:10.9409259Z"
"Temp-Staging","C:\Users\Dave\AppData\Local\Temp\MechJeb2-test-staging-ed6bc902e3c044dab231cf097b703c38","GameData\MechJeb2\Plugins\JetBrains.Annotations.dll","File","109056","5494939D0B986B953582FA150435B0CC784B180A214EE4DCCA9785058E585B6F","DAVE-GT-PC\Dave","2026-09-27T15:05:15.3224492Z","2023-11-07T21:36:16.0000000Z"
"Temp-Staging","C:\Users\Dave\AppData\Local\Temp\MechJeb2-test-staging-ed6bc902e3c044dab231cf097b703c38","GameData\MechJeb2\Plugins\JetBrains.Annotations.xml","File","69069","A95BE13788D613426239A7AE83B6274F6C739EF10CDD00C172FEA69533EE95B3","DAVE-GT-PC\Dave","2026-09-27T15:05:15.3339487Z","2023-11-07T21:36:16.0000000Z"
"Temp-Staging","C:\Users\Dave\AppData\Local\Temp\MechJeb2-test-staging-ed6bc902e3c044dab231cf097b703c38","GameData\MechJeb2\Plugins\MechJeb2.dll","File","2070016","B2F72A1B83FE27D256135DC7EF0C925F977D6D84192F16A18053A304729EDE3A","DAVE-GT-PC\Dave","2026-09-27T15:05:15.3089469Z","2026-09-27T15:10:03.5051702Z"
"Temp-Staging","C:\Users\Dave\AppData\Local\Temp\MechJeb2-test-staging-ed6bc902e3c044dab231cf097b703c38","GameData\MechJeb2\Plugins\MechJebLib.dll","File","340480","9B34071DAFE9FE3E77F2D86D58ECDC65BD0FE1DCB5D268C656E8C9C59B634A2C","DAVE-GT-PC\Dave","2026-09-27T15:05:15.3469484Z","2026-09-27T15:04:11.3014262Z"
"Temp-Staging","C:\Users\Dave\AppData\Local\Temp\MechJeb2-test-staging-ed6bc902e3c044dab231cf097b703c38","GameData\MechJeb2\Plugins\MechJebLib.pdb","File","114396","FF2A4C42984FF2D9AD0CFCA4AF2517734608462A30BAC0A374C8EB1DCB69BB6D","DAVE-GT-PC\Dave","2026-09-27T15:05:15.3589482Z","2026-09-27T15:04:11.2999261Z"
"Temp-Staging","C:\Users\Dave\AppData\Local\Temp\MechJeb2-test-staging-ed6bc902e3c044dab231cf097b703c38","GameData\MechJeb2\Plugins\MechJebLibBindings.dll","File","29184","8B6C7203BE8C6FC0CB66B96E758D2736348C851CDB89726A1B5A71630CC5E52D","DAVE-GT-PC\Dave","2026-09-27T15:05:15.3719478Z","2026-09-27T15:05:14.9464464Z"
"Temp-Staging","C:\Users\Dave\AppData\Local\Temp\MechJeb2-test-staging-ed6bc902e3c044dab231cf097b703c38","GameData\MechJeb2\Plugins\MechJebLibBindings.pdb","File","9072","A92F63CA5C1C5D30FE7F9BCB0F028118CD0D7AD946056A9DDDEFDD16068005E1","DAVE-GT-PC\Dave","2026-09-27T15:05:15.3839493Z","2026-09-27T15:05:14.9464464Z"
